Place,mag,depth,nst,gap,dmin,rms,horizontalError,depthError,magError,magNst
america,0.454,2.17,25,82,0.004952,0.03,0.23,0.33,,
mexico,0.79,8.51,27,81,0.05569,0.19,0.26,0.56,0.135,25
israell,4.5,10,,181,0.666,0.97,7.1,1.9,0.054,100
austria,0.92,0.28,8,145,0.06495,0.09,0.6,2.36,0.26,8
japan,0.42,8.1,22,84,0.05826,0.14,0.24,0.62,0.125,10
